,Contagem,Média,Desvio Padrão,Mínimo,25%,50%,75%,Máximo
Vendas_Historicas_Unidades,1095,169.46392694063928,46.18388178827164,36,136,174,204,299
Estoque_Atual,1095,2423.904109589041,604.1311065526135,515,1999,2391,2773.5,5496
Preco_Unitario,1095,19.975123287671234,1.147180853547529,18,18.985,19.95,20.96,22
Lead_Time_Dias,1095,6.963470319634703,1.4208356878633803,5,6,7,8,9
Previsao_Demanda_30D,1095,185.7634703196347,51.75538141404556,50,148,190,225,340
